Date,Station,Latitude,Longitude,Region,Season,pH,Dissolved_Oxygen_mg/L,BOD_mg/L,Temperature_C,Total_Dissolved_Solids_mg/L,Conductivity_ÂµS/cm,Pb_mg/L,Cd_mg/L,Cr_mg/L,Cu_mg/L,Total_Coliform_MPN/100ml,Fecal_Coliform_MPN/100ml,Data_Quality
2018-01-31,Allahabad,25.4358,81.8463,Middle,Winter,7.78672358881569,7.984345592692026,4.377833071931561,18.646662510938828,316.48581815625863,634.3022071714704,0.09322767072035505,0.00349805577419325,0.07361564474211686,0.12816932299794462,13088.835059166728,4140.823267255806,High
2018-01-31,Haridwar,29.9457,78.1642,Upper,Winter,7.322406919218156,7.978220316700732,3.83156811140685,18.16702872471215,399.49046607645226,580.8542128994196,0.025230409983412517,0.0017992251198059193,0.04542112288848411,0.047051846800257154,5054.1553462560705,2363.4527345410033,Low
2018-01-31,Kanpur,26.4499,80.3319,Middle,Winter,7.778219501316896,8.276586423030428,3.0583169047421435,18.888884361269678,332.6982177284261,585.7470008171399,0.08052621788703139,0.0042249902392305,0.07532092353294792,0.13366317528371174,10290.507583363387,4339.704216263399,High
2018-01-31,Patna,25.5941,85.1376,Lower,Winter,8.148447891784505,10.766329959372607,4.471394404163524,14.70993783009499,347.1917816069143,382.57562621216204,0.1700261984881843,0.007224842573740952,0.15303641557960135,0.19583733099094913,20307.618075505798,9128.508000052205,High
2018-01-31,Rishikesh,30.0869,78.2676,Upper,Winter,7.20156187700415,9.986830269995371,2.9817457091825137,15.138168617508429,251.44626418141812,340.5041764335614,0.03547148321533364,0.0017121126362739905,0.03787278118602214,0.047853358114539765,5516.496498319654,2374.427342093884,Medium
2018-01-31,Varanasi,25.3176,82.9739,Lower,Winter,7.667899479497956,10.060143727635783,4.180206988116319,16.263381053412946,205.239128553071,408.80985910896413,0.1317742280794856,0.008056888083749663,0.13681396288691053,0.16896854613594017,19708.1537960676,8617.762381970153,Low
2018-02-28,Allahabad,25.4358,81.8463,Middle,Winter,7.454310606615502,8.207145301097016,2.770602128606433,15.17269178160021,359.63895123243753,384.4411923887731,0.07302500822892503,0.00461625288633306,0.07772700199990165,0.14378146544830397,12467.008362854323,4351.076752969354,High
2018-02-28,Haridwar,29.9457,78.1642,Upper,Winter,7.53671861771472,8.743623375440157,2.564711128707712,16.740450841281273,395.8267406350792,425.941472814204,0.03256914020810692,0.0019346764119583942,0.03202373027531093,0.04132446106478543,4752.293353582882,1994.0901200988667,High
2018-02-28,Kanpur,26.4499,80.3319,Middle,Winter,7.778892782368804,9.389330256817503,4.175745150470236,15.407313311422,354.72546684406245,537.2748836982928,0.08150155368969847,0.0041769188751497955,0.08924969050793159,0.13317983601020697,12959.431286627278,4351.546155814175,High
2018-02-28,Patna,25.5941,85.1376,Lower,Winter,7.050701254804451,10.161832432108133,2.6185081471351594,14.38570765845198,258.8145242417878,673.1365035300485,0.16479343229198246,0.006915268572300304,0.11418364896308043,0.20189421488350645,23765.521941146402,9485.85121613261,Low
2018-02-28,Rishikesh,30.0869,78.2676,Upper,Winter,8.131185394374615,9.046954013540722,3.1709739822042127,17.041119366066358,447.37839747002045,674.6466859215762,0.02562248528464515,0.00181809725942524,0.0329070613464665,0.0525493993634252,4014.5592585020254,2215.4480226824553,High
2018-02-28,Varanasi,25.3176,82.9739,Lower,Winter,7.4874433876702,9.00096684190462,4.6927518976347535,16.992455948512653,328.411343596194,565.6757319669656,0.17001739792209788,0.00808371751105261,0.1653043399465736,0.19311914513120848,23647.315293504504,6647.371471107366,High
2018-03-31,Allahabad,25.4358,81.8463,Middle,Summer,7.265288866328044,7.015939411029777,7.083954088434198,33.18838942344843,385.7194694133536,631.0581181960197,0.08625881037857147,0.0036505218877743444,0.08177847976501172,0.09675233617135562,11792.897970072365,4855.0723953438965,Low
2018-03-31,Haridwar,29.9457,78.1642,Upper,Summer,7.505038439686325,7.122572522363463,2.785871328118006,27.9301687564031,428.25219746443975,398.4555616221005,0.031618054558369746,0.0021969732412274205,0.045388068821852666,0.04696332119600084,4900.815247161451,1605.4674138001137,High
2018-03-31,Kanpur,26.4499,80.3319,Middle,Summer,7.359121311957279,5.265781422754119,2.406693985285131,30.995832094905857,388.41783040415754,573.3334487380675,0.0765693221292388,0.004191289889494125,0.09296556028985296,0.1210345787425635,11008.241140058577,5271.490189725454,Medium
2018-03-31,Patna,25.5941,85.1376,Lower,Summer,7.476630613363614,6.985854393064267,5.4641894997802645,35.913906477427055,357.32161262206455,445.50446951117544,0.15705444118259587,0.005932221438207515,0.11787930041417918,0.2082017241406948,17074.84849185173,7541.649792749297,High
2018-03-31,Rishikesh,30.0869,78.2676,Upper,Summer,8.08403920661074,6.756395449743508,2.8874422765914267,26.409239276229023,295.007902148678,365.8142708470197,0.028765828697483453,0.0018865413294360653,0.041095568309529505,0.04326743784295324,5985.260485714257,2016.101905365648,Medium
2018-03-31,Varanasi,25.3176,82.9739,Lower,Summer,7.904889160182197,5.393674252120405,2.687560849923183,26.82127543935981,351.53607423249997,525.2422088880149,0.16285991035648995,0.0061096245116382415,0.12168365946342556,0.2106660513231776,19764.660345185126,8879.74786950939,High
2018-04-30,Allahabad,25.4358,81.8463,Middle,Summer,7.068985153116689,6.525608447633862,2.6772865583196643,32.36395460567959,394.38980124690175,440.9398772649495,0.07584074346703853,0.004356037176890571,0.07600052716189042,0.12941568586757798,14172.281298991678,4446.217914011695,High
2018-04-30,Haridwar,29.9457,78.1642,Upper,Summer,7.7776001593801425,5.7809989570575695,5.647511762695203,35.726426312612396,263.61153630337884,334.2574854156668,0.02745400743179002,0.002366522015290536,0.042948703128749995,0.05222394971421646,5138.697501773459,2015.4854637237938,High
2018-04-30,Kanpur,26.4499,80.3319,Middle,Summer,7.885180782725671,5.349992482551411,3.217507483934711,33.04749148234511,433.7702237061658,418.5350085220921,0.08779712063191879,0.0038788808244136744,0.08586467255234217,0.12990161193802216,10836.079804208928,4505.769412326627,High
2018-04-30,Patna,25.5941,85.1376,Lower,Summer,7.108525336683153,6.725221459678321,3.6911686301406488,36.27277648453356,209.09901765734176,460.353652678775,0.15411421115464913,0.007098965476216678,0.13826424165015427,0.15850377386270445,22918.275953420754,7840.008914087706,High
2018-04-30,Rishikesh,30.0869,78.2676,Upper,Summer,8.153802387228458,5.592926795546202,7.084560196469638,34.218630977594714,378.7419370051861,475.8068521627513,0.024853406756749043,0.0022931411742051966,0.0368392545580553,0.05912900889537928,5973.639748786823,2209.4391235770645,Low
2018-04-30,Varanasi,25.3176,82.9739,Lower,Summer,7.877155617028674,6.351163981112285,3.195994530973581,28.42760015889957,449.1733369955154,365.1135075128412,0.12138706921245214,0.006256112816215892,0.1455231998532411,0.18419531158987443,21535.614637204104,8230.137160899581,Low
2018-05-31,Allahabad,25.4358,81.8463,Middle,Summer,7.629956495646545,6.355578388257115,5.271966391694455,30.769698984168446,355.81714606377966,367.1589178645688,0.08898392151994995,0.004430938588178373,0.0954550771630854,0.11233313812953569,13761.773925490545,4389.224342332724,High
2018-05-31,Haridwar,29.9457,78.1642,Upper,Summer,7.623664528132534,5.235802278685281,4.522407094018442,27.75207942410254,218.79020262784073,627.1995716110033,0.03457531193499131,0.0017128608432940753,0.03959253164432162,0.05352777506524283,5923.048626952313,1816.1368511737128,High
2018-05-31,Kanpur,26.4499,80.3319,Middle,Summer,7.098277269577569,6.599808332636032,5.274192126606713,29.75832300811123,352.2336637956967,539.7176430426687,0.09313832947923498,0.0036826999753669823,0.10427305540584224,0.12394745968491208,12721.15380003608,5952.613417216929,Low
2018-05-31,Patna,25.5941,85.1376,Lower,Summer,8.395135349030001,5.471722408484315,5.64872739503708,31.400979420517572,239.22425726523159,564.241717704979,0.143644934889797,0.0058486665090543835,0.13956235243931012,0.17430202074724377,19448.568324835545,9547.00653273597,High
2018-05-31,Rishikesh,30.0869,78.2676,Upper,Summer,7.578103813046177,5.701001864278622,6.215010215087078,28.801533720025056,371.07666914027305,384.3868210405888,0.028950086018516685,0.0019786036779941654,0.03436300904333766,0.04207692475450165,4618.567699819783,1927.0197318256132,High
2018-05-31,Varanasi,25.3176,82.9739,Lower,Summer,8.43896335881585,6.297408897205501,2.7961395292585887,29.646126608878454,437.22022936158214,349.6802294968368,0.15507874663863283,0.007864052602362805,0.16764203879850262,0.15989719973305408,22201.028220789587,7260.812337645975,Medium
2018-06-30,Allahabad,25.4358,81.8463,Middle,Monsoon,8.237932276109877,6.875143827771636,6.5141855987884165,22.57095204923567,238.23776275315424,447.4577918797702,0.09475731038507433,0.0039034070545219757,0.102201230867491,0.13473071855938082,11509.48062641129,4120.5721171253,High
2018-06-30,Haridwar,29.9457,78.1642,Upper,Monsoon,8.069834301208637,6.487417908221674,5.005113740863575,24.97476151846489,222.625014188247,679.7803187307237,0.029249801096653316,0.0019395313701645247,0.043536287119979,0.05548061880078638,5609.938809363013,1688.9279982643302,High
2018-06-30,Kanpur,26.4499,80.3319,Middle,Monsoon,7.16058955857417,8.030362110061775,4.998617622358032,20.960754874091016,321.58856801842603,683.3151494906416,0.07841519558353378,0.004012364769112867,0.07340965638472746,0.09695646980665162,14390.920871194041,5882.176650374683,High
2018-06-30,Patna,25.5941,85.1376,Lower,Monsoon,8.239526087862693,7.636860856096516,4.393053892286595,24.261836308992855,372.23823992358615,493.1413421110863,0.16860380287773755,0.007310956597328508,0.1400130309353865,0.18817619910281957,21473.816658740845,7827.975086809213,High
2018-06-30,Rishikesh,30.0869,78.2676,Upper,Monsoon,7.742574204694567,6.178733340421081,5.359578979087892,27.922552697979764,254.43693631537147,637.6394267511128,0.030851605839551023,0.001967947485634232,0.047506482053125916,0.05189100015903739,4629.833836541693,2113.8956796933,High
2018-06-30,Varanasi,25.3176,82.9739,Lower,Monsoon,8.200557741766684,7.451452127726732,3.808597040782762,26.15847581285424,377.07905030337616,618.5948464502728,0.1393102995243127,0.00796453701400629,0.15123073523244604,0.14657331284155597,16542.723817675862,7482.71817244436,Medium
2018-07-31,Allahabad,25.4358,81.8463,Middle,Monsoon,7.641019325978848,6.849733970867612,3.4735712494347397,25.25667690101853,311.6325100295191,387.87396846732355,0.08671513975297944,0.004001205461181098,0.07997157612079567,0.10328406443044966,10160.624332856885,5502.664465279175,Medium
2018-07-31,Haridwar,29.9457,78.1642,Upper,Monsoon,7.695337226479127,6.10168161811654,4.8951015639566675,23.347436357055724,301.5738785384123,493.4963074010037,0.03026164523527386,0.002074302647153509,0.03704405938852011,0.05680262042295227,4489.994748637528,1981.9890035469339,High
2018-07-31,Kanpur,26.4499,80.3319,Middle,Monsoon,7.540632524671092,7.720550826700625,5.81011290243406,27.167486486887576,261.2716631333969,462.55237747551973,0.08372433718286904,0.00434170537097372,0.08963567716747861,0.10007540276802386,12385.407520064473,5590.525716021353,Medium
2018-07-31,Patna,25.5941,85.1376,Lower,Monsoon,8.345418781485925,7.408820395429276,6.1293396705109755,21.492383378218065,392.37062947388387,609.643402658236,0.15478282457425951,0.005809656868990942,0.14360890920651115,0.18008933464584229,21093.853735287765,6880.047273283141,High
2018-07-31,Rishikesh,30.0869,78.2676,Upper,Monsoon,8.016215436686373,6.322988954002644,5.561489094115956,26.561283894504122,257.5885756023355,592.859530751485,0.033776970178701064,0.001955482157730646,0.038532844217655474,0.0473717719743161,5511.051792832327,2276.309496512495,High
2018-07-31,Varanasi,25.3176,82.9739,Lower,Monsoon,8.25483057881418,7.327916556036393,6.532445112538268,20.61657963644486,410.1390193711044,434.0674828946409,0.17367752997296043,0.0075208156236428,0.1524245661488467,0.1677991781339835,17068.924798900374,7731.722188025482,High
2018-08-31,Allahabad,25.4358,81.8463,Middle,Monsoon,7.057231986704736,6.461594243212526,7.747861052925551,25.318287483830858,226.9578366015345,579.7252793881972,0.09539571502533098,0.004777172679519439,0.0815535228402989,0.14144494336639715,12711.3092256957,4824.22930466382,Low
2018-08-31,Haridwar,29.9457,78.1642,Upper,Monsoon,7.59254487624119,6.272402925194219,5.763623439503446,21.363514512895076,420.5200313079485,498.65410478315516,0.03276331809275065,0.0017859213723115685,0.043190009224464046,0.050102245029841876,4561.092601549752,1656.7778188575198,Medium
2018-08-31,Kanpur,26.4499,80.3319,Middle,Monsoon,7.344509653957025,7.5043519175611895,3.317402695405803,27.01136803485373,328.09469708663414,420.268144895205,0.0647923909826571,0.0033210453738275066,0.08338229188474412,0.1044879988721895,11024.843886810504,4830.617154086636,High
2018-08-31,Patna,25.5941,85.1376,Lower,Monsoon,8.432768360234206,6.70967986929765,5.572460100868164,26.802589595880534,404.50415345884613,397.63625977072786,0.1394553974075446,0.006352452215511685,0.11739319515594653,0.16383755956760718,16425.869207171556,8759.826182579973,High
2018-08-31,Rishikesh,30.0869,78.2676,Upper,Monsoon,7.414445818718318,7.682765350077273,3.46466500778179,23.90368450934395,410.3974072174379,608.0383813182374,0.029641245437007822,0.0022036872268228775,0.04436653135582042,0.04538178895797255,4397.9925592513055,1774.0861844665906,High
2018-08-31,Varanasi,25.3176,82.9739,Lower,Monsoon,7.508701746572282,6.590926563348768,4.7599672875563215,24.207290408709138,288.8502177667826,653.6042418329357,0.16163730763384826,0.008256808932791175,0.1607516592303505,0.2114636927273106,20600.693014122608,6964.3499722408515,High
2018-09-30,Allahabad,25.4358,81.8463,Middle,Post-Monsoon,7.7389125421708815,7.540917371628666,4.361953992739419,18.997844724009756,209.91602161012054,675.0314439479391,0.08904577110724515,0.0037506058388538602,0.10302341099349578,0.10788875898993978,10595.491937258164,4379.499992423087,Low
2018-09-30,Haridwar,29.9457,78.1642,Upper,Post-Monsoon,7.019958826261428,9.609326122388847,2.6493897391194796,20.03868976796023,214.88319899748623,556.7833343863962,0.03193318907512431,0.0021606594624609212,0.0461948394685461,0.041642153862293654,5051.054840243362,1742.426001943999,High
2018-09-30,Kanpur,26.4499,80.3319,Middle,Post-Monsoon,7.012868002618342,7.822919539060769,5.298609857783055,23.956469974726126,300.2860039129782,606.0809682637934,0.09493149939735938,0.003339028853005557,0.09432520000185309,0.09829087182957377,11499.365202668945,4916.999228706904,High
2018-09-30,Patna,25.5941,85.1376,Lower,Post-Monsoon,8.248525580261898,7.985428467624136,5.350010114952418,18.359890010063868,426.9984138159993,571.0479117448007,0.12640685621284567,0.007145521638574304,0.1533988183481781,0.18721715049076976,21566.943720111878,9072.171362861278,High
2018-09-30,Rishikesh,30.0869,78.2676,Upper,Post-Monsoon,7.9750467019531595,9.014310917270803,3.6627653927031676,23.604928562024636,263.864550721361,376.21232270023626,0.029946543937385186,0.0019657534508334463,0.045922173443136996,0.052057453182336254,5295.958720516302,2283.3680286810677,High
2018-09-30,Varanasi,25.3176,82.9739,Lower,Post-Monsoon,7.850257491635102,9.018567201598884,3.306968190267461,23.8223124800126,292.8678430456812,691.2208200722044,0.139565049056453,0.007517995924469955,0.1675406608557208,0.14458276800715472,16471.461148969855,7558.745881623682,High
2018-10-31,Allahabad,25.4358,81.8463,Middle,Post-Monsoon,8.22768736802176,8.738067440355454,2.0714433500861142,19.942374907553265,203.33788010143456,626.3383802578476,0.07932232422068916,0.003968599467126226,0.10189030472442044,0.13005817667939884,12768.015557355018,5939.825413002242,High
2018-10-31,Haridwar,29.9457,78.1642,Upper,Post-Monsoon,7.071379657613002,7.4141836834212445,4.906784511316673,20.730868887079847,378.65855676021425,657.6538087496158,0.024086936824082535,0.0016124770659769797,0.04463642346487172,0.04748254064682467,5760.508240885274,2044.2831576889132,High
2018-10-31,Kanpur,26.4499,80.3319,Middle,Post-Monsoon,7.717187888507481,9.720160615820255,2.3323557076610872,21.300447866725268,377.5171335681267,643.5065517699753,0.07250963750141598,0.0033360627553875167,0.10735342515481541,0.11802937691731595,10009.148077159389,5699.682301102239,High
2018-10-31,Patna,25.5941,85.1376,Lower,Post-Monsoon,7.951193887132218,9.259038451647015,2.3611196365492684,23.537692924552108,281.96176965977054,654.0636175723724,0.15651506757684772,0.0076185187871761675,0.1480933408228122,0.1917651038428415,16696.902406809724,7772.583020411243,Medium
2018-10-31,Rishikesh,30.0869,78.2676,Upper,Post-Monsoon,8.24967918710393,7.917461424755749,3.9483829477177843,22.41597866708312,444.1559960997661,622.3136961817397,0.02599642793468266,0.0019412622025579884,0.03445414390185893,0.058602649448319444,5232.257164712868,1819.336023878082,Low
2018-10-31,Varanasi,25.3176,82.9739,Lower,Post-Monsoon,8.41653813522316,9.393916054741513,2.739491551426523,19.563123412648633,216.20496889629192,458.10153604807846,0.1718694979674947,0.007343310225551507,0.13892044739895235,0.17129956035981042,20810.165596995914,8198.000430937109,High
2018-11-30,Allahabad,25.4358,81.8463,Middle,Post-Monsoon,8.280861472225649,8.652185121847436,3.510707830890549,20.351295102325096,311.8777116481749,504.39105553970506,0.06425506983027332,0.004541924919206164,0.08156062215948505,0.1024678387191698,10026.315713695563,5073.811471161892,High
2018-11-30,Haridwar,29.9457,78.1642,Upper,Post-Monsoon,8.336366457616661,9.860345925222154,2.59232216739326,19.47094400118856,381.94004818138853,372.0623099336569,0.03504775884573336,0.0017283399338626304,0.047939230634755324,0.04461280006011681,5310.000856359646,2231.475303020121,Medium
2018-11-30,Kanpur,26.4499,80.3319,Middle,Post-Monsoon,8.49148980572551,8.014759460498897,4.144763817508272,23.050231573905002,357.96500287210114,579.9462534902939,0.07218465828055734,0.004433217176895805,0.08142044772511023,0.1207596498023729,12824.579722470977,5129.864029571811,Medium
2018-11-30,Patna,25.5941,85.1376,Lower,Post-Monsoon,8.453085328140686,8.573908698213163,2.76635526915402,23.563569088772695,206.9516661004838,466.8521780938171,0.13466233625706947,0.007415972791664293,0.13021507099483526,0.17279367128544587,22748.53399865787,7176.928436984229,High
2018-11-30,Rishikesh,30.0869,78.2676,Upper,Post-Monsoon,8.186002540461025,9.259867719854801,2.712138913865788,20.09563090608267,207.46470198107158,365.966422302466,0.030549073467050335,0.00207268332072407,0.03445942581651405,0.051796531630962574,5887.218694748717,2354.5938233706115,High
2018-11-30,Varanasi,25.3176,82.9739,Lower,Post-Monsoon,8.374787548134702,8.822374026020793,2.9792573465650314,18.91279670414015,449.5592871122646,590.004091692607,0.1425705873646718,0.005890642225925727,0.12133980614095717,0.14605779166315613,17705.9396755438,6922.112114584626,High
2018-12-31,Allahabad,25.4358,81.8463,Middle,Winter,7.841468407487752,8.967927582404092,4.717234942583168,19.12030977539487,448.5151433733358,688.3050744540618,0.08756499185940274,0.004257204675836213,0.08455489033908137,0.10116334700373487,11945.29590459197,5423.871050259141,High
2018-12-31,Haridwar,29.9457,78.1642,Upper,Winter,7.289584388618035,10.146243148639224,3.232733287495435,16.22753012860136,421.9311598909198,662.7129410637692,0.025257348209563473,0.0017725962342334638,0.047764532632865175,0.05121158719582995,4622.931573813181,2122.764720551425,Low
2018-12-31,Kanpur,26.4499,80.3319,Middle,Winter,8.024212035262986,8.393179585482184,4.3789534222919855,17.444259767492564,256.5572889682065,608.5115481098517,0.08244769334651994,0.004647800804497716,0.08278331376011157,0.14301885702249145,13880.729065577894,4145.216174845059,High
2018-12-31,Patna,25.5941,85.1376,Lower,Winter,7.396594007964039,10.538842765974206,1.8175716289937456,14.972428270876671,406.7666460735129,381.75414903672447,0.13708115662233536,0.007872066249408961,0.14585221014221755,0.19184653873777383,17130.081665019632,6413.856867598011,Medium
2018-12-31,Rishikesh,30.0869,78.2676,Upper,Winter,8.076881961028553,7.82249640058233,2.679718201957945,14.831601221349224,349.95632188697994,570.1914218551518,0.024804226381572748,0.0016549435621133356,0.04184353584409817,0.041028279220201566,5573.917880157782,1788.2922191898315,Medium
2018-12-31,Varanasi,25.3176,82.9739,Lower,Winter,8.28766626763454,7.980800578746729,4.7520698076192645,17.522158060044948,229.78806587666406,459.6342509721923,0.12888914306514995,0.006370003018789907,0.13428793151070648,0.15629653643011718,21186.408496637203,9379.721306181862,Medium
2019-01-31,Allahabad,25.4358,81.8463,Middle,Winter,7.598933614350622,9.283086768643205,2.884655327159048,17.728324702748814,405.8718823606069,486.49967372650605,0.09070500816278332,0.004771554500524463,0.08821060404344576,0.12927918626838195,11770.826468996167,4720.037807570436,Medium
2019-01-31,Haridwar,29.9457,78.1642,Upper,Winter,8.063556701104801,8.965756832316714,2.2026722057370836,19.572856051874123,276.6657846324432,543.4857805699338,0.030104283744703468,0.0020243705903733233,0.033007665872336216,0.04857799233120999,5658.561899843996,2392.3281959584806,High
2019-01-31,Kanpur,26.4499,80.3319,Middle,Winter,7.098376177097859,9.078699061095826,4.245419673064703,15.67343637703635,418.8333615017495,551.7012557263805,0.07734200809674799,0.0037202164073998185,0.09176460500442812,0.12412913550408124,14055.69991804593,5220.191515788587,High
2019-01-31,Patna,25.5941,85.1376,Lower,Winter,8.291917691501784,10.63710334208174,4.0752758321397975,15.990686266628469,215.58878787330565,667.5735964851007,0.15027176169861758,0.006416396028647781,0.13045902287021063,0.1494908221969592,16862.80278421962,7503.165308857388,High
2019-01-31,Rishikesh,30.0869,78.2676,Upper,Winter,7.300050564102561,8.981876792403474,3.672616286940711,17.64418438960366,433.2432117387325,439.3510479398457,0.03402017132531467,0.0018311482501652359,0.03818000601150692,0.05418375322681944,4298.207439918687,2215.789827332583,High
2019-01-31,Varanasi,25.3176,82.9739,Lower,Winter,7.298780340678878,9.340234426356872,1.6424446589934583,14.971874897170162,275.4073909884576,622.1231852625862,0.17689401678709737,0.006891678196537767,0.1353131700712363,0.19668297397039594,22978.53207739807,7389.652998386516,Medium
2019-02-28,Allahabad,25.4358,81.8463,Middle,Winter,8.227911344425967,9.930359910639533,4.175709635393693,18.88214853408133,440.47833623911487,335.771477038099,0.07372238625099661,0.0045710185410970175,0.07700396634091461,0.1167257271143664,12782.300205256939,4266.59120780793,Medium
2019-02-28,Haridwar,29.9457,78.1642,Upper,Winter,8.471307026832557,9.140256962031343,2.8238025087578658,19.00948216382722,237.92723616943766,303.14832966054325,0.025252855089119813,0.0022013227132933744,0.037992667002477234,0.04425737956449292,4049.0924267775345,2274.6817749227384,High
2019-02-28,Kanpur,26.4499,80.3319,Middle,Winter,7.350839660671431,9.216339994315675,2.9857064656101064,14.557781637739392,449.4895398434045,472.94220225499566,0.07545139637328549,0.0041842792401773,0.09748987380410992,0.11323866634025426,11047.564142256373,5175.1061517806,High
2019-02-28,Patna,25.5941,85.1376,Lower,Winter,7.605413448811161,9.74100314618763,4.1127943146054875,17.676058005498955,269.89833044117626,418.37392844354247,0.1696243978794456,0.0056517184355338625,0.12713775193597945,0.1809480558435605,16470.212395038525,7353.844034807793,Medium
2019-02-28,Rishikesh,30.0869,78.2676,Upper,Winter,8.156577161724528,9.426799262798731,3.735792449098741,14.818033506021573,423.740807644151,496.77888600333426,0.03460936229072516,0.002000502011436931,0.033811120536415475,0.05450552928987679,4721.278615480814,1829.5726085177407,High
2019-02-28,Varanasi,25.3176,82.9739,Lower,Winter,7.834233787377424,8.991451349771605,2.551020960906181,14.5564474435792,232.61533156031663,323.75074891989294,0.13074033135782517,0.006675204001361059,0.1401571990005101,0.19964720314321718,23226.45658661802,7290.888913032287,Medium
2019-03-31,Allahabad,25.4358,81.8463,Middle,Summer,7.407910432633614,6.277704752391189,3.303050482623805,27.806330806361817,345.07606488106813,376.89405512411,0.09092722158994117,0.004531917492070194,0.0965752584507217,0.13777699847922661,11784.527654039222,5392.243440421374,High
2019-03-31,Haridwar,29.9457,78.1642,Upper,Summer,7.734903529007663,5.696158096661196,4.327040390186766,34.49154182915263,248.9277152061397,564.4697604003777,0.032190336098193426,0.002086971582436171,0.042279019026102774,0.05019249090103513,5212.339889237755,1898.3702187264876,High
2019-03-31,Kanpur,26.4499,80.3319,Middle,Summer,7.545766500579382,7.113283022689744,6.504621278955036,30.30280990811828,381.8957228169021,333.0809256142969,0.07448249461775244,0.00423953945294583,0.08592125471642258,0.1400129717261118,11640.511572378427,5539.838573640906,Low
2019-03-31,Patna,25.5941,85.1376,Lower,Summer,8.356198825052411,6.626537089058918,4.848414397529284,31.973317467371547,200.46124262734256,449.1759961629826,0.1430674736412634,0.007700384565434997,0.12883153991595206,0.2001523003399564,20315.440139020204,6825.72517684932,High
2019-03-31,Rishikesh,30.0869,78.2676,Upper,Summer,7.3280923549647365,6.204204570656753,6.757762925108158,34.0148032478539,289.4378371313181,300.47727764757644,0.031200007031411767,0.002070822006901504,0.03428413399550973,0.05498829396340256,4535.603644710631,2323.220328521036,High
2019-03-31,Varanasi,25.3176,82.9739,Lower,Summer,7.162854792951463,5.996197926990826,4.840015452735066,32.294141090060634,228.80199391740743,627.6643873701839,0.17823585177006485,0.007302862395416443,0.14086153251956782,0.16498181525884617,20611.108670726593,6532.489526805846,Medium
2019-04-30,Allahabad,25.4358,81.8463,Middle,Summer,8.227202267669446,5.52386686899908,2.4999480522652635,35.91527141327792,298.7201068199268,457.63808241199234,0.09006087501243502,0.0032200295796107185,0.08055631378016469,0.1087819808055453,13176.175485329415,5468.983219402121,High
2019-04-30,Haridwar,29.9457,78.1642,Upper,Summer,7.709596466357406,5.643182081353967,6.590092862326539,32.071049615425885,236.3991654042847,542.3829037580166,0.035286073363162807,0.0017557180108550973,0.04092305418214978,0.058162384290867,5084.779688477163,1881.2277570093302,High
2019-04-30,Kanpur,26.4499,80.3319,Middle,Summer,7.9059406982901415,6.90768767805931,4.502063561165474,33.833792816431995,433.33864438820956,548.7305974169581,0.0833980644965137,0.004296596033801054,0.07407443037764228,0.14382164382472623,14032.004115281576,4632.545559720921,Medium
2019-04-30,Patna,25.5941,85.1376,Lower,Summer,7.657498061728536,5.840990495830621,6.514611415696479,28.32273066452997,322.9878084295478,554.737415454519,0.1530752497697391,0.007634402856910391,0.13234229328689395,0.1978797717364609,19721.473380495878,6897.6912213177,Medium
2019-04-30,Rishikesh,30.0869,78.2676,Upper,Summer,7.9030426243185,6.76986557583454,4.125143983146647,27.094681822995685,218.2358520387804,469.62887635765213,0.03112606884380254,0.0018083624377111843,0.04163060248324842,0.046817549693351335,5959.331768530971,1879.9994421952692,High
2019-04-30,Varanasi,25.3176,82.9739,Lower,Summer,8.449994487795127,6.401767678105472,2.592227055815289,32.23661812856515,410.79630626800895,544.3505190277924,0.16428573940656369,0.007577270618779218,0.13045022432551318,0.1667791484144102,18111.1638034009,9066.047845214262,High
2019-05-31,Allahabad,25.4358,81.8463,Middle,Summer,8.026904933327137,6.110148470068906,2.6717296900848386,29.783186875808266,226.4737706191658,519.528530238821,0.06977886474383191,0.003919029543296062,0.10092691090571225,0.14375578436985087,12018.668402045823,5513.132409805379,High
2019-05-31,Haridwar,29.9457,78.1642,Upper,Summer,7.22875566440824,6.221004677845762,6.955239335567524,27.941845531265994,279.2924865547378,693.9350498038951,0.03523867117980996,0.002143356375792981,0.04673136430888705,0.054217028763276796,4624.431546253184,2049.4180826003317,Medium
2019-05-31,Kanpur,26.4499,80.3319,Middle,Summer,7.298537784073757,6.22563810885479,2.9473719525177926,33.50620792711941,442.8018843581064,630.0209805560921,0.08214879280264674,0.003956389181065775,0.08053551001935545,0.10468471329867193,10624.03349656031,4508.241991431456,High
2019-05-31,Patna,25.5941,85.1376,Lower,Summer,8.450066677714478,6.204772855176777,4.100498855097876,28.808293447854684,361.2221004391737,668.579567766927,0.15866622354095689,0.0071216040199584135,0.13939992886480385,0.18447784540132886,19927.310468578456,8916.396667710234,High
2019-05-31,Rishikesh,30.0869,78.2676,Upper,Summer,7.887143481402027,6.506751546508379,5.56533270746733,35.30474084957823,261.8309827922176,329.171914140168,0.025592660634060408,0.002155115670793282,0.04775881471618201,0.048793156230849136,5683.023795895017,2323.4837313156804,High
2019-05-31,Varanasi,25.3176,82.9739,Lower,Summer,7.8989815959269,5.223311103680566,2.482009409679826,29.19115300398857,315.4218847102657,606.3281523890386,0.15787378058020435,0.007656252115627336,0.16376539697483414,0.1454378559590598,21201.619028034555,7367.237150532398,High
2019-06-30,Allahabad,25.4358,81.8463,Middle,Monsoon,7.04545252585589,5.945404919379848,2.9202016871324585,25.25754561569783,246.98657513783107,425.1149962632058,0.09205714789700783,0.0047261404863567546,0.09077494282885304,0.11274594710506226,10112.00839137065,4982.747563126253,Medium
2019-06-30,Haridwar,29.9457,78.1642,Upper,Monsoon,7.168736987141935,7.814090983449782,6.499963321498017,20.752139683337926,279.53695312057016,499.3861537641101,0.035980874946386875,0.0018838724415079127,0.04369811179152442,0.04731745192145805,5084.373278930253,1833.6272937612582,High
2019-06-30,Kanpur,26.4499,80.3319,Middle,Monsoon,8.324508780933181,6.047398991779091,7.719839254701164,25.8685394269108,371.5776942022589,345.69463931594714,0.0817680625041581,0.0037614720462937775,0.07634739070928213,0.12499235316768877,12261.684142378579,4119.58403769517,High
2019-06-30,Patna,25.5941,85.1376,Lower,Monsoon,8.210523850750109,6.804339457892625,6.735681614123559,26.85671130324979,387.3190813018572,378.6061384147347,0.15918151377504794,0.007502154618718655,0.1589830591581798,0.1692829487734733,22471.52610157256,9000.387791945384,Medium
2019-06-30,Rishikesh,30.0869,78.2676,Upper,Monsoon,7.174608877954759,6.614798760260933,7.5615687715374875,25.711710478290232,221.42809571611335,573.781632123208,0.03271926719896766,0.001776984315198057,0.041979315287995915,0.04142907217633467,5196.251538070171,1664.610941331143,High
2019-06-30,Varanasi,25.3176,82.9739,Lower,Monsoon,7.460451185784732,6.845633604596566,7.120854803366388,20.14348940755973,384.3539546417967,466.1059886344399,0.16062858973129154,0.006442885879563447,0.12972808813590905,0.16980384933305867,18042.804934208234,9186.128215253999,Low
2019-07-31,Allahabad,25.4358,81.8463,Middle,Monsoon,7.651110378133459,7.839930178795728,4.79163920167429,27.531611286291216,271.5554379073286,458.7556473040031,0.08085554967002095,0.003919655833061204,0.10384118368383352,0.09748395178041955,14165.99792260115,5000.703815068339,High
2019-07-31,Haridwar,29.9457,78.1642,Upper,Monsoon,8.121101039144333,6.4190648272633855,3.717410713475487,21.208453727414327,360.6007395834487,674.0082980756093,0.034855056936183196,0.0020187722294808348,0.03855042260183518,0.05676166244396772,4940.819745992855,1854.8998695164037,Low
2019-07-31,Kanpur,26.4499,80.3319,Middle,Monsoon,7.279761414877942,7.739686000340583,6.971610550012751,26.247277103740135,421.24690022506024,534.6273477844036,0.08452516433464052,0.004411228361510421,0.10639566799988605,0.10821849022535382,10933.808460947352,4394.348347757737,High
2019-07-31,Patna,25.5941,85.1376,Lower,Monsoon,7.246351391894372,6.494601979109279,6.283140968428712,27.04417701137471,259.7991644924717,300.76284982142204,0.14186000108493443,0.006641768969313383,0.13380264966352312,0.18886379594167665,16141.63925814045,7842.778641302105,High
2019-07-31,Rishikesh,30.0869,78.2676,Upper,Monsoon,8.410800228278351,5.952976240217513,4.829117669854496,22.44061153205515,252.626535262185,438.5815595262187,0.026904269300472787,0.0017926764454679596,0.03672879584445933,0.05463547195211383,5823.911978797033,1958.6178597345872,Medium
2019-07-31,Varanasi,25.3176,82.9739,Lower,Monsoon,7.536007978472083,7.676471513706748,5.862884641096962,21.968848568609026,278.46498306382654,405.0485110270125,0.16119334114206535,0.006940160234750678,0.12969471146290631,0.21370961633853436,22040.8246286274,7005.2446475267325,High
2019-08-31,Allahabad,25.4358,81.8463,Middle,Monsoon,8.240756366640705,8.046764153756012,3.1819523230306346,26.238261065309278,329.9207628532753,537.3972031276215,0.08194536239615569,0.004612826671388104,0.07358965632943391,0.12955949557952726,11908.766201326247,5465.547670076135,High
2019-08-31,Haridwar,29.9457,78.1642,Upper,Monsoon,7.188985113544389,7.755170744638037,4.026993010153869,25.19002744690022,416.4016962089892,315.07490735052386,0.026717740856850497,0.001989890272261119,0.04606877489453375,0.04021624906412837,5165.119290472672,1913.9481044941801,High
2019-08-31,Kanpur,26.4499,80.3319,Middle,Monsoon,7.146011367193267,7.78619704210068,7.520143970705045,25.881890972825286,373.77476026164754,661.561482902314,0.08791669797778338,0.003758877389755419,0.09355592225448305,0.13293822958638568,12534.770673058496,5565.419631022862,High
2019-08-31,Patna,25.5941,85.1376,Lower,Monsoon,7.566136333230789,6.577867823476975,7.739223172841504,21.129887894390958,237.0963309191196,502.28114181847053,0.12009425214373588,0.007275509636124631,0.16757222734502805,0.15556649965480385,20700.323486606838,9341.497023064616,High
2019-08-31,Rishikesh,30.0869,78.2676,Upper,Monsoon,7.809818675374862,6.520658710826456,5.96667488596223,22.033525940321976,304.88923510493464,684.8262178535381,0.027487150522645425,0.0023740081737953812,0.04015069972841545,0.042407547774551725,4364.491834510033,2095.617792765585,High
2019-08-31,Varanasi,25.3176,82.9739,Lower,Monsoon,7.382087984261062,8.017621395464607,6.088224409163217,24.74698203591122,431.47870999846816,571.8672577463233,0.1384261804044898,0.006998168406095274,0.1535526881332079,0.17274248127347763,19801.731820521123,9016.00850014721,Medium
2019-09-30,Allahabad,25.4358,81.8463,Middle,Post-Monsoon,7.171165155287108,8.92681596780061,5.200035301509772,18.699291575437336,258.8788534243688,406.18018596384655,0.09050665262676327,0.003242767773899753,0.10526798651709317,0.10465782759335827,13172.044043080874,4675.369595559202,High
2019-09-30,Haridwar,29.9457,78.1642,Upper,Post-Monsoon,7.332836608470918,8.437790489355411,5.164968065071131,25.055192669688754,236.09823718641445,683.64766794913,0.027264738153840035,0.0021435184877483756,0.03532890317332885,0.05285020278222152,4187.367597586729,1996.9644508876704,High
2019-09-30,Kanpur,26.4499,80.3319,Middle,Post-Monsoon,8.142822314380593,7.474672934563488,2.951027647234464,22.509226178223905,412.57237261367635,365.3160446064094,0.06869134062769912,0.00420323377148128,0.10108810542014336,0.12615190565732262,14373.992072886289,5700.926254508366,High
2019-09-30,Patna,25.5941,85.1376,Lower,Post-Monsoon,7.1679802136738315,7.430727516396088,2.0714122433665945,21.62810583264424,428.4537211584836,596.2125954405583,0.16304740124354597,0.007836527189368872,0.12358194407958241,0.17152490477816246,17757.28367315977,8023.711222437165,High
2019-09-30,Rishikesh,30.0869,78.2676,Upper,Post-Monsoon,8.283065456179951,7.446417718318009,1.9368011927248079,24.51203093084442,403.4328303993505,534.14291612066,0.02887722271666943,0.0021333013568373355,0.03843198916392567,0.040877175642544596,5384.330992628631,1711.5979637248404,Low
2019-09-30,Varanasi,25.3176,82.9739,Lower,Post-Monsoon,7.328979122074717,8.198987676282272,2.64383235329978,21.621157750355003,308.20991026596386,568.1870775313806,0.14050963865692603,0.007929484503807939,0.15232643324005865,0.1750959250052434,23997.275963670494,6648.147334660647,Medium
2019-10-31,Allahabad,25.4358,81.8463,Middle,Post-Monsoon,7.145041977837222,7.190925967959333,3.8871325876283134,22.80129899101222,443.1956903923655,368.5913196263839,0.08454696435929712,0.004305462429533951,0.07781354366650264,0.12170987377004865,11235.234290664037,4252.062040697439,High
2019-10-31,Haridwar,29.9457,78.1642,Upper,Post-Monsoon,7.672061004663805,7.389342273644111,2.3826174579713397,21.068886842963256,322.85601438200695,479.1538929638463,0.034487366816822754,0.002260969807147463,0.043052516113840554,0.052966050787450245,4768.688642187495,1629.7414662400145,Low
2019-10-31,Kanpur,26.4499,80.3319,Middle,Post-Monsoon,7.934015032992305,8.09039388259521,3.8702740290404414,21.118552553062646,244.14859381065634,547.2265085044914,0.0688262241011578,0.0034905518426348574,0.0823735372882281,0.12322828652108928,12649.042922281249,5499.951837424933,High
2019-10-31,Patna,25.5941,85.1376,Lower,Post-Monsoon,7.312901669084966,9.44759244285328,3.50505567221398,19.00913205508753,343.43129221885897,664.2839891230125,0.12461715756891881,0.006696900479767572,0.16351181573341997,0.2128505292467505,21323.050551480672,7945.085710537161,Medium
2019-10-31,Rishikesh,30.0869,78.2676,Upper,Post-Monsoon,7.5303654260348685,9.181467929682261,2.456085144608831,23.883446915025107,435.2155566412583,625.5416579938981,0.02761571857007019,0.0023260566957835904,0.04387703677082201,0.04607745342103072,5265.675701566301,1937.6686255125735,High
2019-10-31,Varanasi,25.3176,82.9739,Lower,Post-Monsoon,7.498247060178141,8.184557992688648,2.773063401298983,22.138867763721777,266.3350768816376,393.480221644386,0.1537930123646158,0.0065153200499491045,0.12130706835882824,0.1507178938500675,20958.157564018165,7970.556848585672,Medium
2019-11-30,Allahabad,25.4358,81.8463,Middle,Post-Monsoon,7.71555406902618,7.655714892117771,4.735531045732031,23.06215600336965,201.84929191546286,302.1530839189062,0.08513077621024448,0.003880699338952893,0.09847073895205533,0.11500099949634446,11119.899912161236,5458.397877341989,High
2019-11-30,Haridwar,29.9457,78.1642,Upper,Post-Monsoon,8.233443616204854,8.935945765340577,5.160952125670202,22.45068130513834,363.00798643930955,365.85660361984,0.031381736409784276,0.002303788395485671,0.03292428641787447,0.05810747350987467,5450.667522211313,1995.1530652884644,Low
2019-11-30,Kanpur,26.4499,80.3319,Middle,Post-Monsoon,8.078633165313741,9.883762766749516,2.0296309085366535,22.052059959999117,269.8053651350334,354.2169367242358,0.08045989135775337,0.004364943186943645,0.07549385715212295,0.135069863854141,10753.979635519589,4360.333224593777,High
2019-11-30,Patna,25.5941,85.1376,Lower,Post-Monsoon,8.445561084840874,7.880829811450608,3.70725360016013,19.814323602504487,426.4339506799155,369.9850148336626,0.1737363563170589,0.007805515689174199,0.14021860185199048,0.18997401782233575,19136.896933706124,8326.763593454245,High
2019-11-30,Rishikesh,30.0869,78.2676,Upper,Post-Monsoon,7.765228902226845,7.316913458937623,2.313811516733046,20.925242176430082,389.0026410372458,614.7100047618474,0.03169601399411931,0.002291474842926416,0.0337835200954387,0.05130308360109414,4209.9048547469565,1651.2695211709358,High
2019-11-30,Varanasi,25.3176,82.9739,Lower,Post-Monsoon,7.786216794818379,8.10839820653216,1.9428253687391153,22.512260388994523,257.12528070927897,399.5763649006779,0.15499425799607802,0.006545015073945638,0.1236214519072573,0.1754026812481001,16353.453538866994,6978.951060056364,Medium
2019-12-31,Allahabad,25.4358,81.8463,Middle,Winter,8.44912119422439,7.828602992820825,3.6558696889847413,14.271457398316507,398.04834491651286,644.9772745327676,0.0820979869039103,0.00460817114196796,0.08058708701105866,0.13999216388568084,10563.038685138128,4433.929119583722,High
2019-12-31,Haridwar,29.9457,78.1642,Upper,Winter,7.101275462542423,9.501517493627366,2.874350787511524,18.73387043661513,232.89530442851017,565.5058754900846,0.02866744038221878,0.0023517788049591854,0.04180121261966508,0.05378237931939459,5536.199683692883,2365.996635812185,Medium
2019-12-31,Kanpur,26.4499,80.3319,Middle,Winter,8.44563238121856,8.45814877676005,3.927956243523052,15.1172025996839,221.03638396701777,533.578220641471,0.07516005120668307,0.0035378703578209476,0.09420585169575098,0.12261007498071823,13532.496028433081,5559.322980785599,High
2019-12-31,Patna,25.5941,85.1376,Lower,Winter,8.380777477755002,9.785560183013665,2.5074228027102508,15.94643739133244,228.81670851738338,364.8756736875511,0.1328418983829078,0.007221818738993541,0.135444083017907,0.2096435419868325,22907.214435550053,7728.436919780671,High
2019-12-31,Rishikesh,30.0869,78.2676,Upper,Winter,8.446735518931982,10.463229336597971,3.901620889737851,14.36230026896377,302.83804163690377,405.0807388448839,0.03414927575473235,0.002126856993043292,0.034042017699013646,0.05706091039156439,5649.8505570698435,2164.970108735736,High
2019-12-31,Varanasi,25.3176,82.9739,Lower,Winter,7.367575873794532,10.652084267882852,3.0017857212540133,19.159967713279244,200.30004092152424,411.8018575733631,0.1359846748853051,0.005877071608341667,0.15627026313216807,0.2009150193869061,19951.076503319455,8934.280557617945,High
2020-01-31,Allahabad,25.4358,81.8463,Middle,Winter,8.315007014399507,9.444053774443463,1.9711881218320197,17.705936671166576,390.8602053685151,487.96360879067066,0.09060267194619866,0.0044539739200378705,0.0918617794364398,0.09792107465361732,12896.344522251953,5459.256735096375,Medium
2020-01-31,Haridwar,29.9457,78.1642,Upper,Winter,7.207271826008638,9.768714933299389,2.90424838642506,18.67090093030629,418.9194809429906,511.05293360966414,0.032396781357890134,0.0017654229824783025,0.0456175625351204,0.05230600003504341,4810.621415890157,2195.5435981888554,Low
2020-01-31,Kanpur,26.4499,80.3319,Middle,Winter,8.27482615206489,7.853986935922617,4.037744302423931,17.691888823180697,251.15916396897367,533.3937221124428,0.09494807379222507,0.0033403128400892206,0.07450755717986562,0.10521134353042545,13051.096380784838,5494.01453080957,Medium
2020-01-31,Patna,25.5941,85.1376,Lower,Winter,7.348606575659577,9.608932353455975,2.3241180779455344,19.454536024423412,314.68616387581176,302.2603391250742,0.1678751343410213,0.006180008262183744,0.12833306344287776,0.19003760290687002,22762.385145234002,9567.581497233921,Medium
2020-01-31,Rishikesh,30.0869,78.2676,Upper,Winter,7.059381966628768,8.165188520640028,3.534797184208813,18.225490009473823,341.61671712520183,496.6325981132234,0.026564411637959754,0.0021820838468830017,0.041669357987196794,0.05024145956326878,5559.021767264973,2046.2613508889367,High
2020-01-31,Varanasi,25.3176,82.9739,Lower,Winter,7.095002668085238,10.466805847083895,2.5802298810146764,19.0075111584459,279.44088979082557,490.8569744535676,0.16314482956531165,0.007123655983507051,0.13290296618880904,0.1445272315258054,23111.973290888385,7490.525342732039,High
2020-02-29,Allahabad,25.4358,81.8463,Middle,Winter,7.4342913115309015,10.46707921731288,4.702264745648886,16.23164362561941,370.8492518076764,614.1337734089989,0.09589808419395653,0.0042497193425645174,0.09925656218228175,0.10056887332881129,12528.784751631676,5331.813186043718,High
2020-02-29,Haridwar,29.9457,78.1642,Upper,Winter,7.44348617815906,9.547858040757397,4.470065956149012,15.756657937585594,203.7521147037851,458.5056889590296,0.03335414275526243,0.0020163396584397053,0.036714592559068705,0.057707886090685466,5777.619947439216,1944.1020004450609,Medium
2020-02-29,Kanpur,26.4499,80.3319,Middle,Winter,7.796256012183015,8.14045310682531,3.659659632523714,16.723729878483123,353.49275775471114,622.6689180474784,0.08152662362582991,0.0035384678267921083,0.10476309113936827,0.11133431721975624,13011.110236818997,4526.011875439272,High
2020-02-29,Patna,25.5941,85.1376,Lower,Winter,8.49842015633922,10.786174890212616,4.383737641108388,18.486716544269534,236.07595606294092,500.4983689094622,0.15477749358018167,0.005881810788786227,0.1290696526450607,0.21048307812718892,20603.08534836857,7348.09867370927,Low
2020-02-29,Rishikesh,30.0869,78.2676,Upper,Winter,8.054910832880406,9.875930268258978,4.794438739071581,16.424279899055627,244.5673549459205,441.0999668761955,0.02550532369958117,0.0022985365829638134,0.04480838585397776,0.045959568166374025,5472.469934241888,2371.5919147338714,Low
2020-02-29,Varanasi,25.3176,82.9739,Lower,Winter,7.4797821932556285,9.29270866000984,2.53249495648694,16.0688562496194,212.08618388660778,477.77597104114534,0.17082816390663558,0.005652482229821048,0.12049623932599149,0.19497976920428958,18422.376461128624,9519.59305794059,Medium
2020-03-31,Allahabad,25.4358,81.8463,Middle,Summer,8.017244017807435,6.308777576884943,7.125941176287665,29.9385453309418,396.03669336317216,621.8160160655318,0.06922178116268812,0.003246539888846664,0.07539707228992229,0.11663373200327277,10033.145519993624,5846.6414017711095,High
2020-03-31,Haridwar,29.9457,78.1642,Upper,Summer,8.040962286917283,7.023571027334029,3.435796388028487,32.561301684517396,429.2075196830792,414.0607359726356,0.02516245281919468,0.0022404676997662054,0.03586740624183931,0.053677102970893745,5936.299057109577,1790.1443258623592,High
2020-03-31,Kanpur,26.4499,80.3319,Middle,Summer,7.082477092355967,6.427960948348825,4.529440025861007,32.221927911429674,411.98032923797393,561.1486965378449,0.09152301575137611,0.003766806024728797,0.07441230660393199,0.12899580636530933,9927.62675255204,5247.217871787799,High
2020-03-31,Patna,25.5941,85.1376,Lower,Summer,8.161699775361244,6.752695864583254,3.8172741149409397,27.686504877060816,439.8407505310331,476.2454642367139,0.14634928230859365,0.0056125738471634705,0.16790936440733342,0.17207204129598896,20632.977569249942,7932.364914519091,High
2020-03-31,Rishikesh,30.0869,78.2676,Upper,Summer,8.319997677201268,6.593247226602935,5.209191787641299,32.38666643762036,285.51380006761286,313.0491252355799,0.02428069903473389,0.0019328518673610608,0.04402114050879912,0.05052029322882114,5493.175919241711,1704.835205222411,Medium
2020-03-31,Varanasi,25.3176,82.9739,Lower,Summer,8.117261078694606,5.788045875715431,2.785623644499123,32.11549958050706,413.51359887554406,460.49230093197355,0.17041136167585086,0.007938271631783216,0.15036656011557875,0.15433762560900746,23729.514025054654,6818.2165909841215,High
2020-04-30,Allahabad,25.4358,81.8463,Middle,Summer,8.022653200623562,5.656726465130868,5.719470953639973,34.037491959199976,404.327965843097,544.5328794452773,0.09449688022395586,0.003326637077627956,0.08571855513231133,0.12948204703393812,13360.003407897862,4115.199066667897,High
2020-04-30,Haridwar,29.9457,78.1642,Upper,Summer,8.465455751806525,5.610915856475764,6.800132084471472,34.904508400087366,399.72072695863346,373.7093843842238,0.02646164751255534,0.0020726162496464036,0.03329622976331082,0.04845906490587086,4812.83851096784,1983.3089382524886,High
2020-04-30,Kanpur,26.4499,80.3319,Middle,Summer,7.324375716284735,7.07912007795681,4.2346759295586285,27.61718714215884,387.6190635950323,628.627766229062,0.06646381411094407,0.004006028700924404,0.09834097159193746,0.11603539467612431,10606.666471173767,5219.8425710282545,High
2020-04-30,Patna,25.5941,85.1376,Lower,Summer,8.303077312109195,7.084886389721328,4.843363042765588,27.308867948464904,338.45551266096095,461.494966606307,0.1227475947267497,0.006561383178285835,0.11633402229272269,0.1836963378925478,19730.695870587504,8619.30805652064,High
2020-04-30,Rishikesh,30.0869,78.2676,Upper,Summer,7.944674304890511,7.0925055107459585,6.630885198873723,28.26485093881198,435.2126058290723,613.5014182866147,0.03249113806318904,0.0018858403415977353,0.0479563482603571,0.05532932072587983,4726.537425452409,2064.950674007081,High
2020-04-30,Varanasi,25.3176,82.9739,Lower,Summer,8.093583366839841,7.0267605509612725,3.142903032668387,29.140896411353967,217.35595815497302,603.0749431005122,0.12992527469134318,0.007901586130366437,0.12561453307710307,0.19254308601587788,23733.24132894897,8230.075942799403,High
2020-05-31,Allahabad,25.4358,81.8463,Middle,Summer,7.799284947753516,6.471425107616127,5.147726196597586,28.910860656382894,283.492535378874,406.08287842050174,0.08269314132430405,0.00430304452519447,0.1038785421872811,0.1402899924038246,13968.037712957565,4956.813368898232,High
2020-05-31,Haridwar,29.9457,78.1642,Upper,Summer,8.079010960271157,6.6276166467628075,2.93873263948863,30.966523519127527,386.42106534548424,435.266652072477,0.03441069737244667,0.002122485639260409,0.03964507206918411,0.04017230341573646,4591.833757216712,1855.158854380381,High
2020-05-31,Kanpur,26.4499,80.3319,Middle,Summer,8.459848308106888,6.064644017729684,6.562083761686728,31.599906103714215,200.62453686943792,375.84041362210064,0.07351327218905156,0.003826582729649013,0.10749569821895323,0.1278355934590217,14208.033953765826,4460.957389763391,High
2020-05-31,Patna,25.5941,85.1376,Lower,Summer,8.220534933667432,6.651240782329737,2.5354794443063096,26.24496697015505,368.9854782667279,368.50989318741097,0.13755590636763912,0.005824637430510788,0.148686140844943,0.19391912872622613,20093.052345581076,7237.75336821147,High
2020-05-31,Rishikesh,30.0869,78.2676,Upper,Summer,7.763969260534022,6.787382948334852,4.416175233898369,27.729154477186682,273.67062617140544,336.9421461264614,0.034570651776145545,0.0017065223793542742,0.04446828710628811,0.0507332563938861,4106.92725233922,1999.9812146771142,Medium
2020-05-31,Varanasi,25.3176,82.9739,Lower,Summer,8.387497450796873,5.313686641068741,5.406321467067712,34.86040277471158,245.08391599070984,489.4237735999201,0.14500644690048975,0.006738342801953345,0.1433523327741044,0.1521224486730977,22529.705692868523,6552.073271903318,High
2020-06-30,Allahabad,25.4358,81.8463,Middle,Monsoon,7.07550584821647,7.708729335010778,2.864553880950238,25.619675947353315,259.21801356538356,348.96608897031757,0.08842570006457016,0.003383916901845295,0.09470429967385346,0.1331077610141051,10085.620611843213,4610.083342244025,High
2020-06-30,Haridwar,29.9457,78.1642,Upper,Monsoon,7.599315126426928,7.660010999206706,7.237257447073355,21.247411392440775,331.6431100934853,429.6527697845068,0.033668047619784716,0.0018078715773244421,0.035744064517051664,0.056239748676667076,4534.429702467144,1737.2638422668533,High
2020-06-30,Kanpur,26.4499,80.3319,Middle,Monsoon,8.192168963491497,7.9577763586343755,4.37346822215643,23.81395348321128,330.2219752135858,304.2259690375754,0.06612848724687087,0.0033118622370507966,0.09932830268765827,0.10571477416384582,13658.32683007214,4243.732666605203,Medium
2020-06-30,Patna,25.5941,85.1376,Lower,Monsoon,7.354724967491255,5.928579459262709,2.9355739822593376,26.177728081535353,298.5684584237512,685.6987856906289,0.12396528170316981,0.007088795163344481,0.13183067623619324,0.15573594305474875,19349.012146613768,7808.360508277154,Medium
2020-06-30,Rishikesh,30.0869,78.2676,Upper,Monsoon,7.099667105995169,7.566384596556244,5.083987090737224,20.42223233731901,317.7523043563307,322.74668544125404,0.029392955695684134,0.0022244736511306483,0.047002118409243704,0.04167655140190972,4199.849112158459,2327.9431915468354,High
2020-06-30,Varanasi,25.3176,82.9739,Lower,Monsoon,8.135504471151792,6.265172179605024,5.579121401579282,21.236690104436907,370.26696719292033,485.155058949955,0.16158378577679977,0.00674653156226791,0.14390132328960303,0.17341840281169196,20274.567737896705,7695.322687852076,High
2020-07-31,Allahabad,25.4358,81.8463,Middle,Monsoon,7.485746037606684,6.384674505935247,4.998335716463156,26.72623446509433,279.4749497330246,592.799805318782,0.08864407158476025,0.004012364223885684,0.07581911811309501,0.10344056722688733,13601.865419556774,5588.911022234394,High
2020-07-31,Haridwar,29.9457,78.1642,Upper,Monsoon,8.179955503513842,7.065867484808709,4.999814652373802,27.111027241360265,212.0809887443878,435.1004561745928,0.0347041653504855,0.001788189743274786,0.04667399852919261,0.048968498603540106,5278.259226665379,1802.3947892069946,High
2020-07-31,Kanpur,26.4499,80.3319,Middle,Monsoon,7.534607521229044,7.6155171793630885,8.178768560709944,26.67169310731319,220.06808664028742,332.6240367888825,0.06666857532226546,0.0037078405003950396,0.0748398925521935,0.10248786653527656,12193.734177661127,4138.773572003768,Medium
2020-07-31,Patna,25.5941,85.1376,Lower,Monsoon,7.086022563037525,7.521997853665273,6.330617119177933,25.021851419911645,365.9856565698912,617.876541135096,0.14033103029717356,0.006587870812796762,0.16625863186575163,0.1598832579028076,17628.16692103964,8587.173948248184,Medium
2020-07-31,Rishikesh,30.0869,78.2676,Upper,Monsoon,8.194918556023842,6.1347089983227105,5.517468137487893,22.49553005791975,374.9659509077336,695.570995098129,0.030717615385915765,0.0019913463458136826,0.032872355569343904,0.05524161511276565,5837.078100778417,2081.422111634406,Medium
2020-07-31,Varanasi,25.3176,82.9739,Lower,Monsoon,8.451037694999668,6.946952431007769,2.918445836430211,25.40273472669584,203.75426921843052,452.8206528916262,0.16016376822051273,0.0074365706434491525,0.1293487256813028,0.21598007418594606,16374.806536736136,9045.26535998894,High
2020-08-31,Allahabad,25.4358,81.8463,Middle,Monsoon,7.302303025602215,7.1575978554960695,6.719492217064787,26.48524095130307,240.53293803805173,662.7124913954748,0.09050101454219245,0.00470302735947212,0.07591659486203817,0.11576621587529008,9898.601630847797,5642.004223040348,High
2020-08-31,Haridwar,29.9457,78.1642,Upper,Monsoon,8.04014165781559,7.514748264459982,2.922254130751033,20.14610541450138,363.9815174113089,550.5324144426354,0.024396946870555596,0.002154329106610373,0.033151407120568084,0.05192513027077788,5946.646685113569,1789.252602238264,High
2020-08-31,Kanpur,26.4499,80.3319,Middle,Monsoon,7.764404865938377,6.044680980601318,4.957792426267934,26.051418346209655,275.79128423361607,499.01397136461026,0.07252967671038191,0.0033249981083959892,0.090605891220397,0.118066583375263,11684.483335328312,4870.802735860301,High
2020-08-31,Patna,25.5941,85.1376,Lower,Monsoon,7.066984618594824,5.884214842506903,6.91243711107784,25.036025281280807,270.589650877547,692.2278846073569,0.17481693537153684,0.006798868751285389,0.16771717595196747,0.18344567676165696,22133.863123372328,6970.832946107722,High
2020-08-31,Rishikesh,30.0869,78.2676,Upper,Monsoon,7.59227823308526,7.114999862652564,5.786641821688345,21.794729835309518,304.3652743292252,691.9684054525484,0.03351777185836483,0.00180576008802362,0.04157372429759876,0.05981592764575586,5484.424721809227,2296.884266483266,High
2020-08-31,Varanasi,25.3176,82.9739,Lower,Monsoon,7.204669853651054,5.912465951523873,3.1610235065569117,24.775933387430836,247.01641603056422,548.8036773331272,0.12371071827444446,0.006554370235206201,0.1440273174579893,0.16830228224791638,20785.5168300568,6884.057018320761,High
2020-09-30,Allahabad,25.4358,81.8463,Middle,Post-Monsoon,7.955808867829905,7.3650674587478075,2.480138376626431,20.24396469243852,334.84292218865016,353.62144738151625,0.06557634433172801,0.003954633374151932,0.09411786253272904,0.14354956576706265,9878.957863935506,5721.016364062665,High
2020-09-30,Haridwar,29.9457,78.1642,Upper,Post-Monsoon,7.985496435253132,8.178480253827436,3.1675397061218153,22.163268415968012,400.9674431419312,372.6506301786733,0.026247093529825485,0.0016957865888923445,0.03380903967677688,0.040565822951686065,5649.345102164302,1785.2553739306154,High
2020-09-30,Kanpur,26.4499,80.3319,Middle,Post-Monsoon,8.189517515538014,8.82628287999681,4.410568748484174,22.060935945743285,394.1588481218838,437.41438280647844,0.06803288509635115,0.004547305691654185,0.08807135988446715,0.10555846370346829,9991.14747015526,5462.201388236327,High
2020-09-30,Patna,25.5941,85.1376,Lower,Post-Monsoon,8.482563388317478,9.454819231416298,2.0822858242698916,22.052541431505812,231.81055582887916,624.428996823753,0.16435732857293833,0.006989143450307575,0.12688725575623216,0.21584626811890079,23564.968832519076,9309.574000723323,High
2020-09-30,Rishikesh,30.0869,78.2676,Upper,Post-Monsoon,7.571343831072642,7.422059379223941,4.041821475253549,21.431894406945617,317.2901485136992,535.8991176369062,0.030686546044318235,0.0018441896390287349,0.03772212170454512,0.05854581798367514,5310.635809695741,1703.0647087551126,High
2020-09-30,Varanasi,25.3176,82.9739,Lower,Post-Monsoon,7.770485131123974,8.644722515283071,2.5934363542418923,19.102754103840123,291.3354251811346,676.0870949698711,0.17922393285057714,0.005895982258872289,0.14630631965081192,0.15138840754138133,16452.67826036467,9538.162579898335,High
2020-10-31,Allahabad,25.4358,81.8463,Middle,Post-Monsoon,8.026357914640634,8.719263093370287,1.9177340146536603,23.79045989621295,304.2062700921409,661.290355807786,0.08726655617323609,0.004412930530407141,0.09476378639297127,0.11026830904406902,10520.490058866926,4438.926505133405,High
2020-10-31,Haridwar,29.9457,78.1642,Upper,Post-Monsoon,7.587543930075156,7.154662095429411,4.376121159030287,23.928217013731743,397.5773397871014,487.0137771163447,0.029077767587687514,0.001876168798689195,0.03568865663758642,0.040806505748510385,5047.965469223823,1974.0575747116875,High
2020-10-31,Kanpur,26.4499,80.3319,Middle,Post-Monsoon,8.290622360743722,7.790504411677789,5.1224780476542975,22.54006645146642,269.39624502868446,572.45324412702,0.07502480610453188,0.004164981200202324,0.09910682005658142,0.10489623839083007,14334.333561111474,5623.056667329106,High
2020-10-31,Patna,25.5941,85.1376,Lower,Post-Monsoon,7.81829371738452,7.894613015988157,4.387144048892685,19.04971922089299,378.8109353623153,388.84838548826673,0.16109101806193016,0.008347338628701545,0.14318982369152203,0.21390774414588876,21157.67695273749,9077.716693201766,High
2020-10-31,Rishikesh,30.0869,78.2676,Upper,Post-Monsoon,8.102723911987972,7.352331872953051,4.945471202192162,19.808917976438963,281.7260825196863,572.1385517894117,0.02953401952157313,0.0016542103744462287,0.04741993043411733,0.043707937394601076,5890.141033641411,2137.0818121899792,High
2020-10-31,Varanasi,25.3176,82.9739,Lower,Post-Monsoon,8.392516589353226,7.891295274897504,2.919407905667785,19.461966571690198,261.93763448915337,501.091381430002,0.12933363096155168,0.008348531052561428,0.1280939991664639,0.20648110519490406,19687.864954127188,9428.639040194637,Medium
2020-11-30,Allahabad,25.4358,81.8463,Middle,Post-Monsoon,8.497309575331217,9.70774729368687,3.3689062015367903,24.791229162091778,250.95234550229964,539.3185599063116,0.07271417086275968,0.004377886197316588,0.10483278445522477,0.10439864918350944,13367.969498553864,4346.632060672208,Medium
2020-11-30,Haridwar,29.9457,78.1642,Upper,Post-Monsoon,7.326046546482701,9.721061468513591,3.6316783027678627,21.21307990046545,240.03835030278614,408.0573720953365,0.030719856051330638,0.0018969985146957624,0.039799420332907634,0.04819449528722772,4342.712799111693,2135.1217878509774,Low
2020-11-30,Kanpur,26.4499,80.3319,Middle,Post-Monsoon,8.343473108091352,7.868246884987296,2.21429597420253,19.696504869164464,412.49408593044143,645.4422688734064,0.08025279671899503,0.003946044880425951,0.08806847014806385,0.11825834338246595,12887.365649922567,4236.208905850989,Low
2020-11-30,Patna,25.5941,85.1376,Lower,Post-Monsoon,8.258390889889977,7.71337100921246,2.3429755107484116,19.384500388411766,447.76116432686615,419.4956042515681,0.13499243606424738,0.00571688627259126,0.1258433203034314,0.20137018176154442,17680.820682781166,6791.252893170362,High
2020-11-30,Rishikesh,30.0869,78.2676,Upper,Post-Monsoon,8.217970067481353,9.666397920595715,4.411879077597461,23.950128947666652,424.506319610103,630.5763251384702,0.02702168660629096,0.001961510940290829,0.04474612528038726,0.05628227268125101,5605.270788988363,1720.9443408633265,High
2020-11-30,Varanasi,25.3176,82.9739,Lower,Post-Monsoon,7.709987283356206,9.556740511123108,3.052185567210527,23.25313569338576,440.96487513727703,678.5674746574749,0.1538209736943085,0.006595232150749439,0.14429243756741827,0.1824464994262803,22574.02626666158,7204.417947747156,Low
2020-12-31,Allahabad,25.4358,81.8463,Middle,Winter,8.125465585480235,9.24181631981476,2.657289229322434,15.810549957959877,351.5773482863228,357.9580447111436,0.06424770935017601,0.00467829217594144,0.09253956269171669,0.11832890257795775,10296.435471536019,5552.771317675161,High
2020-12-31,Haridwar,29.9457,78.1642,Upper,Winter,7.990719049625057,9.644066534566308,3.519706949656394,17.020555412315076,248.4477741708015,429.74860345966175,0.03168725178021834,0.002278585679790851,0.04027474733954501,0.05047182915143026,4477.223459883811,1723.8124147155247,Low
2020-12-31,Kanpur,26.4499,80.3319,Middle,Winter,7.303576100239995,9.638538669974636,3.6772551877732584,17.683863225903966,310.7073927538042,627.7524985183677,0.08423096422444483,0.0037386959485563895,0.08640345122645247,0.09685056030191896,11773.775098781096,5862.772209376362,High
2020-12-31,Patna,25.5941,85.1376,Lower,Winter,7.059204973999516,8.551926091356252,1.992945748364674,15.090432460308945,372.0093843973228,419.77003257997933,0.14118721564775544,0.007817350463795584,0.11420130959256704,0.20152989025519674,19803.68324404507,6582.056562196079,High
2020-12-31,Rishikesh,30.0869,78.2676,Upper,Winter,7.2844977566093965,10.067298834336226,3.8004123580784213,18.699947287760175,230.8688279331675,310.3092515256319,0.03337025448121575,0.0016857970876259236,0.0417240887701002,0.04417441953814611,4079.567432471834,1946.5941270296448,High
2020-12-31,Varanasi,25.3176,82.9739,Lower,Winter,8.283965277538018,8.350220076628684,1.9899061615467504,15.65772018094624,375.4120053592863,467.26165497103955,0.17049151481212685,0.0071750687367122135,0.14661209395408784,0.2012055810704461,21143.78712367729,6643.836721134257,High
2021-01-31,Allahabad,25.4358,81.8463,Middle,Winter,7.683652773806252,8.63318695160118,2.0326755076874843,17.688177470911842,447.9609644840378,333.9941637517597,0.08820071723447866,0.0046174071857115065,0.077829758896956,0.13822419267511227,10575.43546342794,4075.530307773591,High
2021-01-31,Haridwar,29.9457,78.1642,Upper,Winter,7.4792798580425,9.287942740321903,3.2792952664526633,16.84787052032748,280.7823915616091,528.8390549187436,0.034934251225793585,0.0020509603657765905,0.04762751997008194,0.057673897181782584,4626.369749391721,2116.78293558373,Medium
2021-01-31,Kanpur,26.4499,80.3319,Middle,Winter,7.192365737756075,10.61739074919706,2.2334385985532927,17.976598311673445,305.97593071713874,490.0985571209648,0.07447471603509198,0.0038520903071541817,0.0907123276965934,0.10528046131055573,10465.114518997792,4667.688587670393,High
2021-01-31,Patna,25.5941,85.1376,Lower,Winter,8.140940971872483,10.428207634603332,2.2359747262861425,18.59774337808624,374.17276564912584,613.7108161033112,0.16951455965420295,0.006360117975926984,0.15812514356341184,0.1635604859041914,22602.805697656346,6502.4945035873025,High
2021-01-31,Rishikesh,30.0869,78.2676,Upper,Winter,8.142213068747202,7.832449095537402,2.276865703622716,17.209440393146668,326.2021480761579,421.6858303150903,0.029587161035198612,0.0022981310800689694,0.046239364551955264,0.0520279483668999,5466.30062552386,1803.3461824881522,High
2021-01-31,Varanasi,25.3176,82.9739,Lower,Winter,7.919545017180918,8.804776790344969,3.045526247085011,18.238364197405268,287.68869969328415,445.7031061665029,0.15847476875919048,0.0075113021843219085,0.1381960235979225,0.1937289252139804,19047.170434070333,8759.242107966998,Medium
2021-02-28,Allahabad,25.4358,81.8463,Middle,Winter,7.096180654586367,8.181027134159025,3.6568911573667293,18.031380226967194,298.37960668406845,443.34373893669067,0.09010212811576006,0.003905892185787436,0.08121240124859622,0.12377922928873476,11960.12459518755,4428.4207564591625,High
2021-02-28,Haridwar,29.9457,78.1642,Upper,Winter,7.660028709863729,8.112882554125898,2.0631079489784843,18.876878711409017,227.7601210284376,419.23682484593877,0.03272483453080771,0.0017093000651574224,0.0345585451016618,0.05845132826526736,5884.942101976889,1868.2106692422064,High
2021-02-28,Kanpur,26.4499,80.3319,Middle,Winter,7.426116624530467,9.876849584320738,4.057206022648963,17.515114142437906,435.0879115070105,316.83385085663286,0.09412819151819424,0.004103565803367356,0.09452956583263881,0.13611119705078614,13879.96066789598,4097.395671135694,High
2021-02-28,Patna,25.5941,85.1376,Lower,Winter,7.397939775968193,9.216775238299977,1.7011548645033276,14.376875792335765,235.7962265624748,519.6951470873216,0.12275105078988989,0.008010143064392192,0.13615831839184822,0.19322394807289686,21035.876892235163,7475.776942510344,High
2021-02-28,Rishikesh,30.0869,78.2676,Upper,Winter,8.34198810010679,9.62707433940156,1.6262833469337288,18.540183192700585,316.5698983784773,626.8373034997076,0.03382095547093616,0.0020080402021558992,0.04497369872544065,0.04362427804133123,4103.1947885870895,1939.7504937161991,High
2021-02-28,Varanasi,25.3176,82.9739,Lower,Winter,7.084758492005831,8.421932572036445,4.558299007898232,14.17908597196841,348.4007693136505,680.4845738353473,0.17422902283248096,0.007503397590597286,0.1240498538824765,0.1677126170847412,23112.703994775577,8606.432306754548,High
2021-03-31,Allahabad,25.4358,81.8463,Middle,Summer,7.353288258705683,5.552177919608574,4.820710096682494,30.577107656670492,393.8077558903532,480.8176856542497,0.07700458318728258,0.004535410127445212,0.08768411575599257,0.12733007330725235,11157.10769194622,5873.42456995715,Low
2021-03-31,Haridwar,29.9457,78.1642,Upper,Summer,8.043556535531406,5.544590128053364,5.484656543194166,33.9248263847361,404.6587358973383,420.2642838434107,0.0254519159652365,0.0020174461803236293,0.04569295604990963,0.04536735869120466,5944.458742635069,1677.9565398221032,Medium
2021-03-31,Kanpur,26.4499,80.3319,Middle,Summer,8.10458640492728,6.912010153862136,7.044732401812026,31.010721713893417,223.41903010701347,689.8059969074585,0.09535534063020971,0.004655424523618292,0.10238200733099474,0.12540586738694418,12477.778339881108,5036.860226101433,High
2021-03-31,Patna,25.5941,85.1376,Lower,Summer,8.035094077213747,5.248639051949063,6.936060442688599,33.11688565528918,354.70653912466423,579.2002123531421,0.16259576904515846,0.007452656401778923,0.11562289759664812,0.16199337139533965,18951.458618217363,7789.911753122156,Medium
2021-03-31,Rishikesh,30.0869,78.2676,Upper,Summer,8.378153193376747,6.201585905109244,4.427177284303567,29.706651535292494,335.45133227623757,597.9541639429091,0.026517458589923677,0.0017785769146765325,0.036044017566206815,0.05943041868810724,5389.184899201706,1821.5466839266035,Medium
2021-03-31,Varanasi,25.3176,82.9739,Lower,Summer,8.405497858663715,6.143873250987188,3.0807714702546964,28.777052656257123,277.3748363083813,494.6015638965447,0.14919927515726394,0.008220245154845358,0.127871800305487,0.2016579820490811,16811.530502827634,7082.28429181096,High
2021-04-30,Allahabad,25.4358,81.8463,Middle,Summer,7.164185603389489,6.699265011328203,6.860323320260353,35.75576370382848,394.9106725207956,605.1680306311004,0.07715438092370204,0.0036269210647776745,0.09426934169385956,0.12547757823026753,9881.182740466731,5524.073312127162,High
2021-04-30,Haridwar,29.9457,78.1642,Upper,Summer,7.805774338491756,6.332352200328336,2.464908091597745,29.258198597631765,266.89660864875685,438.89507251377364,0.02542397550248991,0.0017710545564105361,0.037673682181445796,0.04398006609601598,5416.767307008766,2260.104588189647,High
2021-04-30,Kanpur,26.4499,80.3319,Middle,Summer,8.043443224681113,5.675970994257581,3.1276134793308645,29.12539490167396,414.09885060470043,369.25690421120026,0.07323553384573336,0.003953315156737381,0.10336923154462198,0.10767182730417849,9662.199793530428,4635.712411899105,High
2021-04-30,Patna,25.5941,85.1376,Lower,Summer,7.063622846483351,6.549333892168362,6.092120606354147,27.949266581632898,339.5694643592654,641.7192856535097,0.128163200678489,0.007468505342645573,0.11273182500301517,0.19133204023633693,17313.754378763017,7242.984038083508,High
2021-04-30,Rishikesh,30.0869,78.2676,Upper,Summer,7.646724133996196,6.503012137930381,2.862515003685622,29.931259406902363,401.94421376159124,499.8291985229737,0.033762346555488036,0.002268538360124835,0.047584140281587084,0.042223825851041015,5688.473935204098,1607.6826873825762,High
2021-04-30,Varanasi,25.3176,82.9739,Lower,Summer,7.952725073499392,6.868466686150537,4.108800269700717,32.089471390282874,304.26716388225884,663.8791924353724,0.13600295177824054,0.006688526428925149,0.13142923327804498,0.15389849877101017,21624.475106444625,7924.812023940399,Medium
2021-05-31,Allahabad,25.4358,81.8463,Middle,Summer,7.063277706300584,6.704953270212593,6.345281215650762,32.96795802413851,252.6463222208905,305.03594333205587,0.06766756282933238,0.004281039108675186,0.07759383686954728,0.11057621072723924,9702.779630805313,4634.312482452299,High
2021-05-31,Haridwar,29.9457,78.1642,Upper,Summer,8.297362407038529,5.693099136111648,3.9787861544575414,27.01477135390181,213.59222507963295,464.39818334451894,0.028990698967841618,0.0021855009099048116,0.033187699218150256,0.05994823480891704,5076.682871087437,1765.5456710292376,Medium
2021-05-31,Kanpur,26.4499,80.3319,Middle,Summer,8.164096150147158,6.876071209920425,5.273227060937739,27.871483257128393,285.4101011615944,300.7361413248188,0.07857432361219725,0.0035914989369010327,0.10157577233640086,0.1135681322623235,10218.886924712888,5790.1929499098915,Medium
2021-05-31,Patna,25.5941,85.1376,Lower,Summer,7.391770698734328,6.244394313216728,7.167319242079132,29.662389369779905,220.13106512548308,615.8740360692027,0.14723554123930982,0.008141934495029349,0.13374600281036533,0.15711806576043674,23725.245399902975,7483.089360299774,High
2021-05-31,Rishikesh,30.0869,78.2676,Upper,Summer,7.844753111348404,5.269551779387329,2.642805632133152,35.53277062971738,436.38431944194605,682.0657540975004,0.02868638499009293,0.0016754220781320932,0.038403658379634976,0.05747403641020237,5142.39945040166,1889.2100006288408,High
2021-05-31,Varanasi,25.3176,82.9739,Lower,Summer,7.048256172893001,7.144029630083414,5.538924254297406,31.440154892374935,315.8860184390037,378.27525623967506,0.15814422940092723,0.008273285386782585,0.14602077334840027,0.16971010026403774,23913.306122894224,8092.14834976658,High
2021-06-30,Allahabad,25.4358,81.8463,Middle,Monsoon,7.774624142202383,6.983788807756783,5.701504692495168,27.753653937633743,207.36958741330292,335.2722562380483,0.07398481413442233,0.004209212463746758,0.0971540753623173,0.1416264911564867,11047.28236611046,5882.924148005001,Low
2021-06-30,Haridwar,29.9457,78.1642,Upper,Monsoon,7.207064265607663,6.052864926217209,4.220146211517021,27.7113072142148,256.0813372902774,374.26875376078783,0.0327407271589932,0.001843894126590389,0.04223256459417102,0.055476836647152625,4389.994902286757,1647.793922432377,High
2021-06-30,Kanpur,26.4499,80.3319,Middle,Monsoon,8.323543114300413,6.766495861635599,6.683858219000542,20.488615628658838,395.26732912455293,591.6674674294238,0.07410289015085045,0.0037244358586203466,0.0771598920802491,0.11334860456022562,11344.081363446898,4217.503736160374,High
2021-06-30,Patna,25.5941,85.1376,Lower,Monsoon,8.29310165120236,6.5680413313036405,3.5590086455174754,25.196869472634205,341.2721027433282,408.5568646016534,0.1776595498591274,0.005700732930426996,0.11725925916142967,0.1466207124057574,17688.883102701533,9433.434374697556,Medium
2021-06-30,Rishikesh,30.0869,78.2676,Upper,Monsoon,7.948283412448605,6.447230364485358,6.4059583565391796,24.164738346918938,422.57512604434385,301.6692123249336,0.031966452475024866,0.002081698669232991,0.03770296361554185,0.045071963169830614,4665.969335131678,1661.7121566358146,High
2021-06-30,Varanasi,25.3176,82.9739,Lower,Monsoon,7.034538358953195,7.389713227247723,4.648545531681164,27.966772537603354,414.0878196362295,586.0019446356337,0.1392194356414811,0.006065859612761039,0.14340471859190357,0.19464485192909348,18941.308050721833,7323.463600000762,Low
2021-07-31,Allahabad,25.4358,81.8463,Middle,Monsoon,7.731752501090745,6.521391526000683,7.717740340892944,26.864740338968094,359.73283077222567,448.00767045160643,0.06984144954880063,0.0035561658482763376,0.09648916946942358,0.11541430735989489,12502.15087959745,4859.680796004695,High
2021-07-31,Haridwar,29.9457,78.1642,Upper,Monsoon,7.642162379408438,6.560553582505234,7.763154473966699,22.46341813216369,215.23570505608404,511.29481649371127,0.026811022481805762,0.002206947583900067,0.04446113765899493,0.040155146617979316,5444.313986144468,2321.5573754618463,High
2021-07-31,Kanpur,26.4499,80.3319,Middle,Monsoon,7.959391049272906,6.586029317105879,4.2995225662686645,25.465311145112018,411.4630921138155,592.8742484033813,0.09247273837815528,0.003746063879772237,0.08979338233250941,0.10417449304069251,13499.300950340026,4229.909938352296,Medium
2021-07-31,Patna,25.5941,85.1376,Lower,Monsoon,7.782241181419648,8.016229722968236,3.1126137832194827,21.351439846114626,263.22773786608747,487.3198059857729,0.1544248240099202,0.00778310908060156,0.1616950009968975,0.21591528270242552,16408.128411968686,7824.593224966142,Low
2021-07-31,Rishikesh,30.0869,78.2676,Upper,Monsoon,7.381600287641608,7.491570255488704,6.233942449323,24.5730989862431,308.1475019716972,429.46112493540727,0.0277345098988561,0.0019854072352826547,0.03535776964611533,0.05410094319642442,5234.230318644981,2148.4394774309567,High
2021-07-31,Varanasi,25.3176,82.9739,Lower,Monsoon,8.341844046336018,7.6194144053475,7.9836150608884315,21.204758112910284,443.96540695918424,431.13240148012864,0.16197165046104833,0.007545512151510329,0.156213158077228,0.1509188249468967,16780.922671431843,8224.055367455445,High
2021-08-31,Allahabad,25.4358,81.8463,Middle,Monsoon,8.338097848169754,6.145119990128981,7.629365473268343,26.540374884079814,289.2373560910615,656.8450019438728,0.08090185725758815,0.004636301624080333,0.08200716243611002,0.14304230208302018,11415.056165816804,5007.023992136026,High
2021-08-31,Haridwar,29.9457,78.1642,Upper,Monsoon,7.83708708283011,6.317478784866284,3.053222887247724,23.953700599174063,388.86687692873477,474.6452303786306,0.0244912314250709,0.0020146462224470245,0.04025063881091797,0.044769136655050265,5928.052733817879,2189.309977286308,High
2021-08-31,Kanpur,26.4499,80.3319,Middle,Monsoon,8.126329383027175,7.4979493479590165,6.698058285615168,26.55217650071571,259.465294528821,482.0434018840959,0.07834867810250588,0.0037708502482612506,0.10403398796645767,0.1383541205484297,12556.248882870546,5965.698483469711,High
2021-08-31,Patna,25.5941,85.1376,Lower,Monsoon,7.042820405947689,7.367972180669279,2.8141750425868475,22.87918541747497,224.10454316763963,358.8772659297636,0.15144296059170695,0.00825328817753327,0.1516404242240571,0.18816768204878534,21228.028301161863,7860.151545526301,High
2021-08-31,Rishikesh,30.0869,78.2676,Upper,Monsoon,8.205366562221649,7.090211919419437,4.986308907172075,22.786587684989225,348.36895018840096,508.9324090011635,0.0318987702706385,0.0023704312320911047,0.03923672381443617,0.05887830858021966,4269.235307385768,1721.4442784218013,Medium
2021-08-31,Varanasi,25.3176,82.9739,Lower,Monsoon,7.657749512310153,7.000831659093838,5.973728485010449,21.849779011587938,349.56842811422825,455.1098601205109,0.14332823216697016,0.007886186359409445,0.1330509397437759,0.1562440693397231,18780.891689594486,7041.577384997715,High
2021-09-30,Allahabad,25.4358,81.8463,Middle,Post-Monsoon,8.386634872968859,7.222694960044904,2.0991395569760694,21.295794175652055,301.2656164620957,333.1155479963108,0.08643756523332904,0.0033831738920652612,0.08928383172658237,0.11326202582597573,12812.504879909395,5159.172782440431,High
2021-09-30,Haridwar,29.9457,78.1642,Upper,Post-Monsoon,7.292359969659178,7.849212792313798,3.4039352511947367,21.880889665606265,332.00744712318846,495.4696770736005,0.025391757095641797,0.002068364738092923,0.04052385458034625,0.045305357278902766,4786.030509680678,2032.87953626983,High
2021-09-30,Kanpur,26.4499,80.3319,Middle,Post-Monsoon,7.642299272586124,8.035134140558508,2.3851981017713495,23.896971063559818,353.39974764064675,363.8135283455898,0.08700685243414331,0.0036286180770969687,0.07387174762196783,0.12514398282349162,11004.930794039918,5561.997702637198,Medium
2021-09-30,Patna,25.5941,85.1376,Lower,Post-Monsoon,8.223489906150096,9.708659154325455,1.8466082621128639,22.864548182548834,390.8328686277494,452.4924066598663,0.15968680631526636,0.006918571510495615,0.15035553380945643,0.14417779239103318,23587.77016476367,6744.246945516379,High
2021-09-30,Rishikesh,30.0869,78.2676,Upper,Post-Monsoon,7.716681229870648,8.26977452732487,2.855854962623247,23.95017897147453,427.6991757155682,608.8138929648607,0.025875337492758395,0.002341571829166147,0.03493750841342915,0.04177826038235336,5750.911560173872,1975.851598692126,High
2021-09-30,Varanasi,25.3176,82.9739,Lower,Post-Monsoon,7.566720887924218,8.76229848874481,3.95840475571455,19.527116262939508,248.52898518777667,609.8297380832526,0.12352209916733506,0.007692858334617487,0.11647704120402175,0.21484991269605605,16334.113636565438,6568.401602031734,Low
2021-10-31,Allahabad,25.4358,81.8463,Middle,Post-Monsoon,8.33158501218906,7.519086473235759,2.67226378947179,24.9680039891037,324.35597507792005,380.91307475999383,0.07340946447627777,0.0039909945846756355,0.09361865224230156,0.099777680682818,10053.16309781978,4810.746599786269,High
2021-10-31,Haridwar,29.9457,78.1642,Upper,Post-Monsoon,7.948455452018516,9.45238123233425,1.8461380978165678,18.29623525240251,425.21102704558666,475.5517002837877,0.03573190868457769,0.0016416538611419512,0.041897822103320825,0.05337170513122606,4813.923567107412,2096.317214504488,High
2021-10-31,Kanpur,26.4499,80.3319,Middle,Post-Monsoon,7.522445658727375,7.371510662400571,2.3263785650025173,24.87332788406537,447.1112028647554,337.9229810906065,0.07800612884128286,0.004391788130748748,0.07595258792723475,0.10635275568440447,10094.722620711536,4746.294888012857,Medium
2021-10-31,Patna,25.5941,85.1376,Lower,Post-Monsoon,7.085505401588794,7.160395504322251,2.067318632252212,18.70907804658441,205.2665672249938,355.90860171265615,0.17688880583149186,0.007759982563502882,0.11640190213588762,0.16375750147364734,22350.038480268373,9573.252221491697,Low
2021-10-31,Rishikesh,30.0869,78.2676,Upper,Post-Monsoon,8.346230021117712,8.64254851040469,2.031621742431574,20.54549829105385,242.72031558013344,668.3246361545549,0.024629562380420664,0.0020383090598080004,0.04009811501000228,0.05083339011931906,4625.4424099362095,2156.2370690602716,Medium
2021-10-31,Varanasi,25.3176,82.9739,Lower,Post-Monsoon,7.034852689864296,7.6543644773045125,3.5550953953454076,21.40237654165333,402.9675462218168,329.7283596930724,0.12818817533743512,0.006563070681641695,0.15740420390383836,0.17807479647174299,23260.057048287326,8296.722163330387,Medium
2021-11-30,Allahabad,25.4358,81.8463,Middle,Post-Monsoon,8.458199660115497,7.336120466830179,2.3433669143939175,22.518123992240263,292.72299373461425,388.579974005882,0.07268853016714845,0.00384971200248313,0.09170539826494274,0.1279156938523492,13629.48973958876,4050.2321860287875,High
2021-11-30,Haridwar,29.9457,78.1642,Upper,Post-Monsoon,7.531795544736845,7.2546631310105445,1.88862292402542,25.176727576885277,316.7872828511774,574.4555508758324,0.029477606006587304,0.0019765582071422927,0.04732257109878904,0.04392965456758412,4159.542752073128,2111.7522348471416,High
2021-11-30,Kanpur,26.4499,80.3319,Middle,Post-Monsoon,7.76122984200634,7.597567028713192,2.199697145293827,22.747879523851772,327.6076512789042,523.6681505531369,0.09238452742427447,0.004593188029875325,0.09460535512038831,0.14370513015377948,10368.997062041843,4163.954453689155,High
2021-11-30,Patna,25.5941,85.1376,Lower,Post-Monsoon,7.048950682457054,8.975930853223794,4.035865266749512,19.339956559012492,269.35458387245353,442.31383604784634,0.1649977678113412,0.00574632232056557,0.16010496103357433,0.17256778156444694,21132.52544414137,8934.773502932308,High
2021-11-30,Rishikesh,30.0869,78.2676,Upper,Post-Monsoon,8.246939583846723,9.801720618352784,5.089218362051712,21.947259119674776,244.64613328798103,376.75486973124987,0.028982910248533767,0.002136018389228667,0.03998218333387377,0.05620833951477134,5347.903340503505,2081.9402586691426,High
2021-11-30,Varanasi,25.3176,82.9739,Lower,Post-Monsoon,8.066403700950268,7.552048070796696,3.71413216732722,23.50102934012517,350.66738359785256,305.53606967513736,0.15639332150008095,0.006680266839250923,0.16337813210825455,0.1527241963168525,18904.940889639824,8897.9410948747,High
2021-12-31,Allahabad,25.4358,81.8463,Middle,Winter,8.099796825038583,10.637188769992573,2.0899984096540365,17.883015229353493,328.60304294429227,389.19720674113194,0.09572996330202686,0.0032389656808802553,0.07522276452397397,0.11916319085789316,12378.686497289918,5054.1143700510365,High
2021-12-31,Haridwar,29.9457,78.1642,Upper,Winter,7.54741616888333,10.64936183994503,4.104779622289233,14.108859962792517,307.20783346983535,493.1261031592323,0.03433210459572927,0.0019040926262858826,0.03535672497582107,0.05336027552535866,5726.3168307708665,1775.063864502726,Medium
2021-12-31,Kanpur,26.4499,80.3319,Middle,Winter,7.603803821698381,9.73483135416965,4.24846300694035,16.833127794621596,322.0089515655552,366.81231362998426,0.08162553395268594,0.0038860898313963143,0.10488103465248533,0.11117993208329292,11394.695976331448,5411.871957545477,High
2021-12-31,Patna,25.5941,85.1376,Lower,Winter,8.21322915038095,9.722424902331214,2.5524198510269915,14.015607239446059,226.9651538088578,530.6062874963288,0.16800083117663095,0.008390581756666267,0.16105668216201546,0.21188154408606089,18516.128668784117,9462.009997639283,High
2021-12-31,Rishikesh,30.0869,78.2676,Upper,Winter,7.259146922141802,7.89843016913027,2.5419719475740674,14.917070061121796,337.58554350955757,369.21462307122385,0.032403364269699524,0.0018333804942961046,0.04241207857811433,0.05920196838432754,4743.935630425513,2126.9647578717013,Medium
2021-12-31,Varanasi,25.3176,82.9739,Lower,Winter,7.439520322414965,10.39406577147527,2.6218501569623793,14.756556976400605,308.23689663906396,419.48406793097837,0.14032418410309314,0.007936854949927331,0.15983919813244224,0.19436115455678846,18529.92914496654,6956.508558489768,High
